,DateTime,Open,Close,High,Low,Volume
0,2022-10-31 08:00:00,104.0,103.4,104.0,103.33,37
1,2022-10-31 08:01:00,103.49,103.4,103.5,103.34,9
2,2022-10-31 08:02:00,103.37,103.32,103.38,103.32,11
3,2022-10-31 08:03:00,103.3,103.0,103.3,103.0,16
4,2022-10-31 08:04:00,102.81,102.71,102.82,102.71,13
5,2022-10-31 08:05:00,102.75,102.8,102.86,102.75,36
6,2022-10-31 08:06:00,102.81,102.93,102.93,102.79,28
7,2022-10-31 08:07:00,103.0,102.95,103.0,102.95,7
8,2022-10-31 08:08:00,102.92,102.78,102.92,102.78,6
9,2022-10-31 08:09:00,102.81,102.81,102.81,102.81,1
10,2022-10-31 08:10:00,102.7,102.79,102.79,102.7,4
11,2022-10-31 08:11:00,102.79,102.79,102.79,102.79,0
12,2022-10-31 08:12:00,102.79,102.79,102.79,102.79,2
13,2022-10-31 08:13:00,102.88,102.88,102.88,102.88,1
14,2022-10-31 08:14:00,102.76,102.76,102.76,102.76,8
15,2022-10-31 08:15:00,102.77,102.77,102.77,102.77,1
16,2022-10-31 08:16:00,102.8,102.6,102.8,102.58,73
17,2022-10-31 08:17:00,102.55,102.55,102.55,102.55,1
18,2022-10-31 08:18:00,102.51,102.5,102.51,102.5,21
19,2022-10-31 08:19:00,102.45,102.49,102.49,102.45,10
20,2022-10-31 08:20:00,102.55,102.55,102.55,102.55,1
21,2022-10-31 08:21:00,102.55,102.42,102.57,102.41,28
22,2022-10-31 08:22:00,102.5,102.5,102.5,102.5,3
23,2022-10-31 08:23:00,102.49,102.5,102.5,102.45,200
24,2022-10-31 08:24:00,102.59,102.68,102.68,102.57,7
25,2022-10-31 08:25:00,102.68,102.68,102.68,102.68,1
26,2022-10-31 08:26:00,102.68,102.68,102.68,102.68,0
27,2022-10-31 08:27:00,102.59,102.55,102.59,102.55,9
28,2022-10-31 08:28:00,102.58,102.5,102.58,102.5,9
29,2022-10-31 08:29:00,102.47,102.47,102.47,102.47,1
30,2022-10-31 08:30:00,102.41,102.32,102.41,102.32,10
31,2022-10-31 08:31:00,102.33,102.3,102.33,102.3,7
32,2022-10-31 08:32:00,102.31,102.31,102.31,102.31,1
33,2022-10-31 08:33:00,102.31,102.31,102.31,102.31,0
34,2022-10-31 08:34:00,102.32,102.35,102.35,102.31,4
35,2022-10-31 08:35:00,102.31,102.31,102.31,102.31,2
36,2022-10-31 08:36:00,102.35,102.28,102.35,102.28,49
37,2022-10-31 08:37:00,102.28,102.28,102.28,102.28,0
38,2022-10-31 08:38:00,102.28,102.28,102.28,102.28,0
39,2022-10-31 08:39:00,102.34,102.34,102.34,102.34,1
40,2022-10-31 08:40:00,102.34,102.34,102.34,102.34,4
41,2022-10-31 08:41:00,102.36,102.36,102.36,102.36,1
42,2022-10-31 08:42:00,102.39,102.39,102.39,102.39,1
43,2022-10-31 08:43:00,102.45,102.5,102.51,102.44,29
44,2022-10-31 08:44:00,102.5,102.5,102.5,102.5,0
45,2022-10-31 08:45:00,102.49,102.49,102.49,102.49,9
46,2022-10-31 08:46:00,102.48,102.48,102.48,102.48,39
47,2022-10-31 08:47:00,102.48,102.48,102.48,102.48,0
48,2022-10-31 08:48:00,102.39,102.39,102.4,102.39,5
49,2022-10-31 08:49:00,102.31,102.31,102.31,102.31,3
50,2022-10-31 08:50:00,102.31,102.31,102.31,102.31,0
51,2022-10-31 08:51:00,102.31,102.31,102.31,102.31,0
52,2022-10-31 08:52:00,102.31,102.31,102.31,102.31,0
53,2022-10-31 08:53:00,102.31,102.31,102.31,102.31,0
54,2022-10-31 08:54:00,102.32,102.32,102.32,102.32,1
55,2022-10-31 08:55:00,102.32,102.4,102.4,102.32,2
56,2022-10-31 08:56:00,102.35,102.39,102.39,102.35,2
57,2022-10-31 08:57:00,102.47,102.35,102.47,102.35,10
58,2022-10-31 08:58:00,102.6,102.51,102.6,102.51,7
59,2022-10-31 08:59:00,102.54,102.54,102.54,102.54,4
60,2022-10-31 09:00:00,102.51,102.51,102.51,102.51,1
61,2022-10-31 09:01:00,102.51,102.51,102.51,102.51,0
62,2022-10-31 09:02:00,102.51,102.36,102.51,102.36,11
63,2022-10-31 09:03:00,102.36,102.36,102.36,102.36,0
64,2022-10-31 09:04:00,102.35,102.32,102.35,102.32,9
65,2022-10-31 09:05:00,102.32,102.32,102.32,102.32,0
66,2022-10-31 09:06:00,102.32,102.32,102.32,102.32,0
67,2022-10-31 09:07:00,102.36,102.36,102.36,102.36,1
68,2022-10-31 09:08:00,102.41,102.41,102.41,102.41,1
69,2022-10-31 09:09:00,102.41,102.41,102.41,102.41,0
70,2022-10-31 09:10:00,102.36,102.33,102.36,102.33,2
71,2022-10-31 09:11:00,102.34,102.34,102.34,102.34,5
72,2022-10-31 09:12:00,102.34,102.34,102.34,102.34,0
73,2022-10-31 09:13:00,102.34,102.34,102.34,102.34,0
74,2022-10-31 09:14:00,102.34,102.36,102.36,102.34,8
75,2022-10-31 09:15:00,102.4,102.4,102.4,102.4,1
76,2022-10-31 09:16:00,102.45,102.45,102.45,102.45,2
77,2022-10-31 09:17:00,102.4,102.4,102.4,102.4,6
78,2022-10-31 09:18:00,102.4,102.4,102.4,102.4,0
79,2022-10-31 09:19:00,102.4,102.4,102.4,102.4,0
80,2022-10-31 09:20:00,102.5,102.5,102.51,102.5,32
81,2022-10-31 09:21:00,102.48,102.48,102.48,102.48,4
82,2022-10-31 09:22:00,102.51,102.51,102.51,102.51,3
83,2022-10-31 09:23:00,102.51,102.51,102.51,102.5,12
84,2022-10-31 09:24:00,102.51,102.51,102.51,102.51,12
85,2022-10-31 09:25:00,102.51,102.51,102.51,102.51,0
86,2022-10-31 09:26:00,102.51,102.51,102.51,102.51,0
87,2022-10-31 09:27:00,102.45,102.49,102.49,102.45,2
88,2022-10-31 09:28:00,102.46,102.37,102.46,102.37,25
89,2022-10-31 09:29:00,102.38,102.37,102.38,102.37,17
90,2022-10-31 09:30:00,102.48,102.48,102.48,102.48,1
91,2022-10-31 09:31:00,102.48,102.48,102.48,102.48,0
92,2022-10-31 09:32:00,102.48,102.51,102.51,102.48,17
93,2022-10-31 09:33:00,102.51,102.51,102.51,102.51,0
94,2022-10-31 09:34:00,102.58,102.58,102.58,102.58,2
95,2022-10-31 09:35:00,102.64,102.75,102.75,102.64,15
96,2022-10-31 09:36:00,102.68,102.8,102.8,102.64,52
97,2022-10-31 09:37:00,102.77,102.77,102.77,102.77,1
98,2022-10-31 09:38:00,102.77,102.77,102.77,102.77,1
99,2022-10-31 09:39:00,102.77,102.78,102.78,102.77,5
100,2022-10-31 09:40:00,102.78,102.78,102.78,102.78,0
101,2022-10-31 09:41:00,102.78,102.78,102.78,102.78,0
102,2022-10-31 09:42:00,102.78,102.78,102.78,102.78,0
103,2022-10-31 09:43:00,102.78,102.78,102.78,102.78,0
104,2022-10-31 09:44:00,102.78,102.78,102.78,102.78,0
105,2022-10-31 09:45:00,102.78,102.78,102.78,102.78,0
106,2022-10-31 09:46:00,102.78,102.78,102.78,102.78,0
107,2022-10-31 09:47:00,102.74,102.77,102.77,102.74,2
108,2022-10-31 09:48:00,102.77,102.77,102.77,102.77,0
109,2022-10-31 09:49:00,102.78,102.78,102.78,102.78,3
110,2022-10-31 09:50:00,102.78,102.78,102.78,102.78,0
111,2022-10-31 09:51:00,102.83,102.81,102.9,102.81,11
112,2022-10-31 09:52:00,102.81,102.81,102.81,102.81,0
113,2022-10-31 09:53:00,102.81,102.81,102.81,102.81,0
114,2022-10-31 09:54:00,102.82,102.79,102.82,102.79,10
115,2022-10-31 09:55:00,102.8,102.83,102.83,102.8,9
116,2022-10-31 09:56:00,102.83,102.83,102.83,102.83,0
117,2022-10-31 09:57:00,102.81,102.79,102.83,102.79,9
118,2022-10-31 09:58:00,102.75,102.75,102.75,102.75,1
119,2022-10-31 09:59:00,102.7,102.7,102.7,102.7,1
120,2022-10-31 10:00:00,102.7,102.7,102.7,102.7,0
121,2022-10-31 10:01:00,102.69,102.7,102.7,102.69,6
122,2022-10-31 10:02:00,102.7,102.7,102.7,102.7,3
123,2022-10-31 10:03:00,102.7,102.7,102.7,102.7,0
124,2022-10-31 10:04:00,102.7,102.7,102.7,102.7,0
125,2022-10-31 10:05:00,102.7,102.7,102.7,102.7,0
126,2022-10-31 10:06:00,102.7,102.7,102.7,102.7,0
127,2022-10-31 10:07:00,102.7,102.7,102.7,102.7,0
128,2022-10-31 10:08:00,102.69,102.79,102.79,102.69,13
129,2022-10-31 10:09:00,102.8,102.8,102.8,102.8,1
130,2022-10-31 10:10:00,102.8,102.8,102.8,102.8,0
131,2022-10-31 10:11:00,102.8,102.8,102.8,102.8,0
132,2022-10-31 10:12:00,102.8,102.8,102.8,102.8,0
133,2022-10-31 10:13:00,102.8,102.8,102.8,102.8,0
134,2022-10-31 10:14:00,102.8,102.8,102.8,102.8,0
135,2022-10-31 10:15:00,102.8,102.8,102.8,102.8,0
136,2022-10-31 10:16:00,102.8,102.8,102.8,102.8,0
137,2022-10-31 10:17:00,102.8,102.8,102.8,102.8,0
138,2022-10-31 10:18:00,102.71,102.71,102.71,102.71,1
139,2022-10-31 10:19:00,102.58,102.45,102.58,102.4,23
140,2022-10-31 10:20:00,102.45,102.45,102.45,102.45,0
141,2022-10-31 10:21:00,102.6,102.61,102.61,102.6,44
142,2022-10-31 10:22:00,102.61,102.61,102.61,102.61,0
143,2022-10-31 10:23:00,102.61,102.61,102.61,102.61,0
144,2022-10-31 10:24:00,102.61,102.61,102.61,102.61,0
145,2022-10-31 10:25:00,102.61,102.61,102.61,102.61,0
146,2022-10-31 10:26:00,102.61,102.61,102.61,102.61,0
147,2022-10-31 10:27:00,102.61,102.61,102.61,102.61,0
148,2022-10-31 10:28:00,102.61,102.61,102.61,102.61,0
149,2022-10-31 10:29:00,102.61,102.61,102.61,102.61,0
150,2022-10-31 10:30:00,102.61,102.61,102.61,102.61,0
151,2022-10-31 10:31:00,102.61,102.61,102.61,102.61,0
152,2022-10-31 10:32:00,102.61,102.61,102.61,102.61,0
153,2022-10-31 10:33:00,102.61,102.61,102.61,102.61,0
154,2022-10-31 10:34:00,102.62,102.62,102.62,102.62,2
155,2022-10-31 10:35:00,102.63,102.63,102.63,102.63,1
156,2022-10-31 10:36:00,102.63,102.66,102.67,102.63,5
157,2022-10-31 10:37:00,102.66,102.66,102.66,102.66,0
158,2022-10-31 10:38:00,102.66,102.66,102.66,102.66,0
159,2022-10-31 10:39:00,102.66,102.66,102.66,102.66,0
160,2022-10-31 10:40:00,102.66,102.66,102.66,102.66,0
161,2022-10-31 10:41:00,102.66,102.66,102.66,102.66,1
162,2022-10-31 10:42:00,102.72,102.72,102.72,102.72,1
163,2022-10-31 10:43:00,102.72,102.72,102.72,102.72,0
164,2022-10-31 10:44:00,102.67,102.67,102.67,102.67,1
165,2022-10-31 10:45:00,102.63,102.65,102.65,102.63,2
166,2022-10-31 10:46:00,102.65,102.65,102.65,102.65,0
167,2022-10-31 10:47:00,102.65,102.68,102.68,102.65,3
168,2022-10-31 10:48:00,102.68,102.68,102.68,102.68,0
169,2022-10-31 10:49:00,102.68,102.68,102.68,102.68,0
170,2022-10-31 10:50:00,102.71,102.7,102.71,102.7,8
171,2022-10-31 10:51:00,102.69,102.75,102.75,102.69,9
172,2022-10-31 10:52:00,102.69,102.73,102.75,102.69,31
173,2022-10-31 10:53:00,102.75,102.75,102.75,102.75,1
174,2022-10-31 10:54:00,102.72,102.72,102.72,102.72,1
175,2022-10-31 10:55:00,102.72,102.72,102.72,102.72,0
176,2022-10-31 10:56:00,102.72,102.72,102.72,102.72,0
177,2022-10-31 10:57:00,102.72,102.72,102.72,102.72,0
178,2022-10-31 10:58:00,102.81,102.85,102.85,102.81,10
179,2022-10-31 10:59:00,102.93,103.04,103.04,102.93,5
180,2022-10-31 11:00:00,103.05,103.29,103.39,102.91,73
181,2022-10-31 11:01:00,103.36,103.25,103.36,103.24,82
182,2022-10-31 11:02:00,103.28,103.37,103.39,103.28,77
183,2022-10-31 11:03:00,103.37,103.4,103.45,103.37,114
184,2022-10-31 11:04:00,103.41,103.26,103.41,103.26,111
185,2022-10-31 11:05:00,103.26,103.2,103.26,103.2,2
186,2022-10-31 11:06:00,103.11,103.12,103.12,103.06,3
187,2022-10-31 11:07:00,103.14,103.19,103.19,103.14,14
188,2022-10-31 11:08:00,103.21,103.26,103.26,103.21,11
189,2022-10-31 11:09:00,103.26,103.26,103.26,103.26,8
190,2022-10-31 11:10:00,103.3,103.34,103.34,103.3,12
191,2022-10-31 11:11:00,103.33,103.3,103.33,103.3,6
192,2022-10-31 11:12:00,103.29,103.35,103.35,103.29,11
193,2022-10-31 11:13:00,103.34,103.4,103.4,103.34,11
194,2022-10-31 11:14:00,103.38,103.38,103.38,103.38,2
195,2022-10-31 11:15:00,103.37,103.37,103.37,103.37,3
196,2022-10-31 11:16:00,103.38,103.4,103.4,103.38,6
197,2022-10-31 11:17:00,103.45,103.45,103.45,103.45,1
198,2022-10-31 11:18:00,103.44,103.45,103.45,103.41,13
199,2022-10-31 11:19:00,103.45,103.47,103.47,103.44,24
200,2022-10-31 11:20:00,103.47,103.48,103.48,103.42,18
201,2022-10-31 11:21:00,103.49,103.59,103.6,103.49,27
202,2022-10-31 11:22:00,103.52,103.49,103.52,103.48,8
203,2022-10-31 11:23:00,103.46,103.43,103.46,103.43,5
204,2022-10-31 11:24:00,103.42,103.47,103.47,103.42,19
205,2022-10-31 11:25:00,103.47,103.45,103.48,103.43,35
206,2022-10-31 11:26:00,103.46,103.5,103.5,103.46,14
207,2022-10-31 11:27:00,103.51,103.6,103.6,103.51,12
208,2022-10-31 11:28:00,103.58,103.69,103.69,103.58,15
209,2022-10-31 11:29:00,103.66,103.66,103.67,103.66,5
210,2022-10-31 11:30:00,103.6,103.5,103.6,103.5,31
211,2022-10-31 11:31:00,103.43,103.43,103.45,103.43,5
212,2022-10-31 11:32:00,103.43,103.42,103.45,103.42,10
213,2022-10-31 11:33:00,103.43,103.4,103.44,103.38,100
214,2022-10-31 11:34:00,103.37,103.37,103.37,103.35,6
215,2022-10-31 11:35:00,103.4,103.41,103.41,103.4,3
216,2022-10-31 11:36:00,103.42,103.4,103.42,103.4,15
217,2022-10-31 11:37:00,103.37,103.4,103.4,103.37,13
218,2022-10-31 11:38:00,103.41,103.37,103.41,103.37,9
219,2022-10-31 11:39:00,103.38,103.38,103.39,103.38,17
220,2022-10-31 11:40:00,103.4,103.4,103.4,103.38,7
221,2022-10-31 11:41:00,103.4,103.46,103.46,103.4,44
222,2022-10-31 11:42:00,103.47,103.49,103.49,103.47,15
223,2022-10-31 11:43:00,103.5,103.5,103.5,103.5,56
224,2022-10-31 11:44:00,103.45,103.52,103.52,103.45,52
225,2022-10-31 11:45:00,103.56,103.65,103.65,103.54,28
226,2022-10-31 11:46:00,103.65,103.54,103.67,103.54,12
227,2022-10-31 11:47:00,103.55,103.52,103.55,103.5,16
228,2022-10-31 11:48:00,103.55,103.58,103.61,103.55,40
229,2022-10-31 11:49:00,103.52,103.52,103.52,103.52,1
230,2022-10-31 11:50:00,103.57,103.63,103.63,103.57,17
231,2022-10-31 11:51:00,103.62,103.61,103.64,103.61,18
232,2022-10-31 11:52:00,103.62,103.61,103.62,103.61,8
233,2022-10-31 11:53:00,103.61,103.51,103.61,103.51,17
234,2022-10-31 11:54:00,103.51,103.45,103.51,103.41,68
235,2022-10-31 11:55:00,103.44,103.45,103.48,103.42,6
236,2022-10-31 11:56:00,103.45,103.49,103.49,103.45,13
237,2022-10-31 11:57:00,103.58,103.56,103.59,103.56,15
238,2022-10-31 11:58:00,103.52,103.58,103.58,103.52,21
239,2022-10-31 11:59:00,103.58,103.58,103.58,103.55,36
240,2022-10-31 12:00:00,103.22,103.61,103.69,102.31,1830
241,2022-10-31 12:01:00,103.59,103.65,103.66,103.59,75
242,2022-10-31 12:02:00,103.65,103.52,103.65,103.52,44
243,2022-10-31 12:03:00,103.52,103.57,103.59,103.51,31
244,2022-10-31 12:04:00,103.54,103.45,103.54,103.41,52
245,2022-10-31 12:05:00,103.45,103.41,103.49,103.4,81
246,2022-10-31 12:06:00,103.4,103.48,103.48,103.4,46
247,2022-10-31 12:07:00,103.48,103.43,103.48,103.41,68
248,2022-10-31 12:08:00,103.4,103.43,103.43,103.4,49
249,2022-10-31 12:09:00,103.44,103.43,103.48,103.43,56
250,2022-10-31 12:10:00,103.45,103.49,103.49,103.41,15
251,2022-10-31 12:11:00,103.46,103.4,103.48,103.4,32
252,2022-10-31 12:12:00,103.41,103.39,103.41,103.38,55
253,2022-10-31 12:13:00,103.46,103.49,103.49,103.4,53
254,2022-10-31 12:14:00,103.44,103.5,103.5,103.44,36
255,2022-10-31 12:15:00,103.44,103.49,103.49,103.44,23
256,2022-10-31 12:16:00,103.48,103.52,103.52,103.48,55
257,2022-10-31 12:17:00,103.52,103.47,103.52,103.47,42
258,2022-10-31 12:18:00,103.49,103.47,103.49,103.44,29
259,2022-10-31 12:19:00,103.46,103.5,103.5,103.46,35
260,2022-10-31 12:20:00,103.5,103.51,103.52,103.46,15
261,2022-10-31 12:21:00,103.52,103.61,103.66,103.52,51
262,2022-10-31 12:22:00,103.66,103.63,103.66,103.63,65
263,2022-10-31 12:23:00,103.64,103.69,103.69,103.64,121
264,2022-10-31 12:24:00,103.66,103.74,103.74,103.66,77
265,2022-10-31 12:25:00,103.71,103.79,103.85,103.71,89
266,2022-10-31 12:26:00,103.79,103.77,103.8,103.75,38
267,2022-10-31 12:27:00,103.77,103.73,103.77,103.73,114
268,2022-10-31 12:28:00,103.74,103.65,103.74,103.61,93
269,2022-10-31 12:29:00,103.64,103.72,103.72,103.64,41
270,2022-10-31 12:30:00,103.66,103.7,103.7,103.66,26
271,2022-10-31 12:31:00,103.66,103.53,103.66,103.52,70
272,2022-10-31 12:32:00,103.53,103.52,103.57,103.52,121
273,2022-10-31 12:33:00,103.52,103.47,103.52,103.46,29
274,2022-10-31 12:34:00,103.48,103.48,103.49,103.46,196
275,2022-10-31 12:35:00,103.47,103.35,103.47,103.35,167
276,2022-10-31 12:36:00,103.36,103.2,103.36,103.2,227
277,2022-10-31 12:37:00,103.2,103.01,103.2,103.01,314
278,2022-10-31 12:38:00,103.02,103.06,103.1,103.0,411
279,2022-10-31 12:39:00,103.1,102.93,103.1,102.87,139
280,2022-10-31 12:40:00,102.92,103.17,103.17,102.92,62
281,2022-10-31 12:41:00,103.17,103.04,103.17,103.04,56
282,2022-10-31 12:42:00,103.13,103.12,103.25,103.1,94
283,2022-10-31 12:43:00,103.1,103.23,103.26,103.04,109
284,2022-10-31 12:44:00,103.24,103.4,103.43,103.24,161
285,2022-10-31 12:45:00,103.4,103.41,103.45,103.4,83
286,2022-10-31 12:46:00,103.31,103.25,103.32,103.22,25
287,2022-10-31 12:47:00,103.3,103.22,103.31,103.22,32
288,2022-10-31 12:48:00,103.27,103.26,103.31,103.23,41
289,2022-10-31 12:49:00,103.24,103.23,103.27,103.23,66
290,2022-10-31 12:50:00,103.28,103.25,103.28,103.15,28
291,2022-10-31 12:51:00,103.25,103.31,103.38,103.25,57
292,2022-10-31 12:52:00,103.36,103.2,103.36,103.19,53
293,2022-10-31 12:53:00,103.18,103.11,103.18,103.0,117
294,2022-10-31 12:54:00,103.11,103.12,103.25,103.01,89
295,2022-10-31 12:55:00,103.23,103.14,103.23,103.11,91
296,2022-10-31 12:56:00,103.14,103.13,103.16,103.12,31
297,2022-10-31 12:57:00,103.12,103.12,103.14,103.1,54
298,2022-10-31 12:58:00,103.13,103.12,103.15,103.12,26
299,2022-10-31 12:59:00,103.12,103.22,103.25,103.1,106
300,2022-10-31 13:00:00,103.26,103.19,103.28,103.19,104
301,2022-10-31 13:01:00,103.19,103.13,103.23,103.12,53
302,2022-10-31 13:02:00,103.14,103.15,103.22,103.13,34
303,2022-10-31 13:03:00,103.17,103.3,103.3,103.13,283
304,2022-10-31 13:04:00,103.3,103.27,103.31,103.22,63
305,2022-10-31 13:05:00,103.27,103.2,103.27,103.15,20
306,2022-10-31 13:06:00,103.18,103.18,103.2,103.15,39
307,2022-10-31 13:07:00,103.18,103.29,103.3,103.17,112
308,2022-10-31 13:08:00,103.3,103.25,103.3,103.2,41
309,2022-10-31 13:09:00,103.23,103.2,103.23,103.13,36
310,2022-10-31 13:10:00,103.22,103.27,103.29,103.22,72
311,2022-10-31 13:11:00,103.26,103.28,103.28,103.23,47
312,2022-10-31 13:12:00,103.28,103.23,103.28,103.23,211
313,2022-10-31 13:13:00,103.24,103.25,103.25,103.24,19
314,2022-10-31 13:14:00,103.23,103.01,103.23,102.96,264
315,2022-10-31 13:15:00,103.02,102.95,103.1,102.95,79
316,2022-10-31 13:16:00,102.96,103.15,103.15,102.96,59
317,2022-10-31 13:17:00,103.04,103.06,103.09,103.01,38
318,2022-10-31 13:18:00,103.06,103.05,103.1,103.0,53
319,2022-10-31 13:19:00,103.01,102.96,103.02,102.96,91
320,2022-10-31 13:20:00,102.96,102.89,102.96,102.88,225
321,2022-10-31 13:21:00,102.88,103.0,103.0,102.88,117
322,2022-10-31 13:22:00,103.01,102.97,103.09,102.94,65
323,2022-10-31 13:23:00,102.98,102.95,102.98,102.94,46
324,2022-10-31 13:24:00,102.95,102.96,102.98,102.94,20
325,2022-10-31 13:25:00,102.95,103.31,103.35,102.95,378
326,2022-10-31 13:26:00,103.31,103.32,103.4,103.3,169
327,2022-10-31 13:27:00,103.35,103.49,103.51,103.31,280
328,2022-10-31 13:28:00,103.49,103.66,103.66,103.49,329
329,2022-10-31 13:29:00,103.62,103.7,103.7,103.55,324
330,2022-10-31 13:30:00,103.7,103.97,104.45,103.52,14992
331,2022-10-31 13:31:00,103.96,104.34,104.56,103.9,5635
332,2022-10-31 13:32:00,104.33,103.28,104.33,103.24,6158
333,2022-10-31 13:33:00,103.27,103.5,103.61,103.24,4850
334,2022-10-31 13:34:00,103.5,104.38,104.5,103.47,6368
335,2022-10-31 13:35:00,104.38,104.05,104.65,104.02,5867
336,2022-10-31 13:36:00,104.04,103.97,104.05,103.38,5189
337,2022-10-31 13:37:00,103.98,104.39,104.45,103.9,5717
338,2022-10-31 13:38:00,104.41,104.39,104.87,104.37,5666
339,2022-10-31 13:39:00,104.34,103.82,104.68,103.74,4322
340,2022-10-31 13:40:00,103.81,103.42,103.82,103.06,7066
341,2022-10-31 13:41:00,103.42,103.03,103.42,103.0,4461
342,2022-10-31 13:42:00,103.04,103.25,103.32,103.01,3901
343,2022-10-31 13:43:00,103.25,103.01,103.27,103.0,2697
344,2022-10-31 13:44:00,103.01,103.35,103.46,103.0,3374
345,2022-10-31 13:45:00,103.36,103.04,103.45,103.02,3282
346,2022-10-31 13:46:00,103.04,102.71,103.05,102.58,6662
347,2022-10-31 13:47:00,102.71,102.7,102.88,102.56,3461
348,2022-10-31 13:48:00,102.73,102.92,102.93,102.61,3360
349,2022-10-31 13:49:00,102.91,102.75,103.25,102.67,3232
350,2022-10-31 13:50:00,102.74,102.41,102.75,102.41,3431
351,2022-10-31 13:51:00,102.41,102.61,102.7,102.41,2415
352,2022-10-31 13:52:00,102.61,102.59,102.62,102.5,1913
353,2022-10-31 13:53:00,102.6,102.7,102.81,102.56,2254
354,2022-10-31 13:54:00,102.7,102.51,102.72,102.5,2896
355,2022-10-31 13:55:00,102.5,102.45,102.67,102.44,3278
356,2022-10-31 13:56:00,102.44,102.7,102.71,102.34,3437
357,2022-10-31 13:57:00,102.7,102.57,102.88,102.55,2665
358,2022-10-31 13:58:00,102.57,102.62,102.79,102.56,1929
359,2022-10-31 13:59:00,102.61,102.39,102.71,102.35,2442
360,2022-10-31 14:00:00,102.39,102.59,102.66,102.2,5269
361,2022-10-31 14:01:00,102.59,102.54,102.67,102.44,2456
362,2022-10-31 14:02:00,102.55,102.66,102.79,102.53,2697
363,2022-10-31 14:03:00,102.67,102.61,102.78,102.61,1756
364,2022-10-31 14:04:00,102.61,102.56,102.62,102.46,2260
365,2022-10-31 14:05:00,102.56,102.26,102.56,102.24,2456
366,2022-10-31 14:06:00,102.25,102.0,102.26,102.0,3703
367,2022-10-31 14:07:00,102.01,102.02,102.11,102.0,2723
368,2022-10-31 14:08:00,102.03,101.69,102.05,101.68,5800
369,2022-10-31 14:09:00,101.69,101.61,101.8,101.6,3619
370,2022-10-31 14:10:00,101.6,101.6,101.72,101.58,2522
371,2022-10-31 14:11:00,101.61,101.8,101.86,101.6,2722
372,2022-10-31 14:12:00,101.81,101.88,101.98,101.77,2994
373,2022-10-31 14:13:00,101.88,101.72,101.94,101.7,2108
374,2022-10-31 14:14:00,101.71,101.61,101.74,101.56,2442
375,2022-10-31 14:15:00,101.62,101.52,101.62,101.4,2120
376,2022-10-31 14:16:00,101.53,101.8,101.87,101.52,2746
377,2022-10-31 14:17:00,101.8,101.89,101.9,101.6,2854
378,2022-10-31 14:18:00,101.89,101.83,101.89,101.66,2169
379,2022-10-31 14:19:00,101.83,101.83,101.95,101.71,1428
380,2022-10-31 14:20:00,101.83,101.58,101.83,101.58,1919
381,2022-10-31 14:21:00,101.58,101.37,101.6,101.37,2824
382,2022-10-31 14:22:00,101.37,101.5,101.53,101.26,2460
383,2022-10-31 14:23:00,101.5,101.19,101.51,101.18,1949
384,2022-10-31 14:24:00,101.18,101.08,101.21,101.05,2761
385,2022-10-31 14:25:00,101.09,101.14,101.25,101.08,2001
386,2022-10-31 14:26:00,101.14,100.97,101.15,100.96,5809
387,2022-10-31 14:27:00,100.97,100.94,101.28,100.94,2724
388,2022-10-31 14:28:00,100.94,101.0,101.05,100.87,2333
389,2022-10-31 14:29:00,101.0,100.97,101.12,100.9,2116
390,2022-10-31 14:30:00,100.97,101.09,101.21,100.9,2543
391,2022-10-31 14:31:00,101.1,101.01,101.2,100.8,2421
392,2022-10-31 14:32:00,101.02,101.07,101.12,101.0,2254
393,2022-10-31 14:33:00,101.08,101.15,101.16,101.0,1567
394,2022-10-31 14:34:00,101.15,101.12,101.2,101.08,1973
395,2022-10-31 14:35:00,101.13,100.9,101.16,100.9,2034
396,2022-10-31 14:36:00,100.9,100.85,100.93,100.76,2644
397,2022-10-31 14:37:00,100.85,100.82,100.92,100.79,2594
398,2022-10-31 14:38:00,100.82,100.88,100.88,100.74,2012
399,2022-10-31 14:39:00,100.88,100.98,101.06,100.87,2575
400,2022-10-31 14:40:00,100.98,101.17,101.29,100.96,3068
401,2022-10-31 14:41:00,101.17,101.23,101.31,101.17,2094
402,2022-10-31 14:42:00,101.23,101.29,101.37,101.1,2682
403,2022-10-31 14:43:00,101.29,101.43,101.45,101.09,3208
404,2022-10-31 14:44:00,101.43,101.52,101.56,101.31,2561
405,2022-10-31 14:45:00,101.52,101.76,101.76,101.42,2139
406,2022-10-31 14:46:00,101.75,101.71,101.9,101.7,3132
407,2022-10-31 14:47:00,101.7,101.68,101.78,101.54,2398
408,2022-10-31 14:48:00,101.68,101.61,101.69,101.56,1470
409,2022-10-31 14:49:00,101.62,101.88,101.94,101.56,2739
410,2022-10-31 14:50:00,101.87,101.81,101.99,101.76,2552
411,2022-10-31 14:51:00,101.82,101.83,101.89,101.63,1829
412,2022-10-31 14:52:00,101.83,101.8,101.89,101.78,1285
413,2022-10-31 14:53:00,101.8,101.78,101.89,101.77,1012
414,2022-10-31 14:54:00,101.77,101.61,101.77,101.46,2082
415,2022-10-31 14:55:00,101.61,101.46,101.63,101.36,1955
416,2022-10-31 14:56:00,101.46,101.48,101.49,101.34,1524
417,2022-10-31 14:57:00,101.48,101.79,101.86,101.48,2401
418,2022-10-31 14:58:00,101.79,101.94,102.09,101.79,4031
419,2022-10-31 14:59:00,101.95,101.82,102.0,101.75,2036
420,2022-10-31 15:00:00,101.82,101.99,102.03,101.81,2026
421,2022-10-31 15:01:00,102.0,102.1,102.11,101.8,2686
422,2022-10-31 15:02:00,102.09,102.1,102.14,101.97,1589
423,2022-10-31 15:03:00,102.12,102.05,102.14,101.95,1189
424,2022-10-31 15:04:00,102.05,102.03,102.14,102.0,1313
425,2022-10-31 15:05:00,102.03,101.76,102.03,101.69,2551
426,2022-10-31 15:06:00,101.74,101.93,101.94,101.73,1519
427,2022-10-31 15:07:00,101.93,101.93,101.97,101.81,1628
428,2022-10-31 15:08:00,101.94,102.29,102.33,101.92,2840
429,2022-10-31 15:09:00,102.31,102.06,102.32,102.05,1781
430,2022-10-31 15:10:00,102.06,102.02,102.12,101.91,1983
431,2022-10-31 15:11:00,102.02,102.2,102.25,102.01,1906
432,2022-10-31 15:12:00,102.2,102.05,102.2,102.01,1089
433,2022-10-31 15:13:00,102.04,102.03,102.08,101.95,1081
434,2022-10-31 15:14:00,101.98,102.14,102.19,101.98,1234
435,2022-10-31 15:15:00,102.14,102.01,102.18,101.98,1954
436,2022-10-31 15:16:00,102.0,102.08,102.16,101.9,1411
437,2022-10-31 15:17:00,102.11,101.85,102.14,101.82,1904
438,2022-10-31 15:18:00,101.87,101.85,101.93,101.75,1508
439,2022-10-31 15:19:00,101.86,101.88,101.89,101.77,817
440,2022-10-31 15:20:00,101.88,101.88,101.96,101.84,1020
441,2022-10-31 15:21:00,101.89,102.02,102.13,101.84,3339
442,2022-10-31 15:22:00,102.03,102.01,102.08,101.95,864
443,2022-10-31 15:23:00,102.02,102.0,102.06,101.93,1126
444,2022-10-31 15:24:00,101.99,102.13,102.21,101.99,2401
445,2022-10-31 15:25:00,102.14,101.91,102.21,101.9,2038
446,2022-10-31 15:26:00,101.92,101.86,101.94,101.8,2010
447,2022-10-31 15:27:00,101.87,101.88,101.96,101.86,1221
448,2022-10-31 15:28:00,101.88,101.98,102.09,101.87,1581
449,2022-10-31 15:29:00,101.98,101.86,102.01,101.83,1094
450,2022-10-31 15:30:00,101.86,101.54,101.9,101.51,2482
451,2022-10-31 15:31:00,101.54,101.68,101.71,101.52,2035
452,2022-10-31 15:32:00,101.66,101.81,101.82,101.6,1485
453,2022-10-31 15:33:00,101.81,101.58,101.81,101.56,1820
454,2022-10-31 15:34:00,101.58,101.66,101.74,101.57,1095
455,2022-10-31 15:35:00,101.66,101.63,101.67,101.6,773
456,2022-10-31 15:36:00,101.65,101.64,101.7,101.61,1039
457,2022-10-31 15:37:00,101.65,101.53,101.68,101.5,1515
458,2022-10-31 15:38:00,101.52,101.36,101.6,101.35,1710
459,2022-10-31 15:39:00,101.37,101.48,101.51,101.35,1711
460,2022-10-31 15:40:00,101.48,101.42,101.56,101.41,1696
461,2022-10-31 15:41:00,101.43,101.65,101.7,101.42,1648
462,2022-10-31 15:42:00,101.65,101.74,101.78,101.56,1615
463,2022-10-31 15:43:00,101.73,101.58,101.75,101.55,1073
464,2022-10-31 15:44:00,101.58,101.66,101.69,101.57,815
465,2022-10-31 15:45:00,101.66,101.66,101.73,101.62,975
466,2022-10-31 15:46:00,101.65,101.53,101.66,101.5,1196
467,2022-10-31 15:47:00,101.54,101.56,101.63,101.53,781
468,2022-10-31 15:48:00,101.56,101.75,101.75,101.52,966
469,2022-10-31 15:49:00,101.74,101.7,101.76,101.69,1083
470,2022-10-31 15:50:00,101.7,101.86,101.87,101.67,2008
471,2022-10-31 15:51:00,101.87,101.72,101.88,101.7,1418
472,2022-10-31 15:52:00,101.71,101.84,101.84,101.69,1337
473,2022-10-31 15:53:00,101.84,102.02,102.06,101.84,2684
474,2022-10-31 15:54:00,102.02,101.97,102.07,101.95,1730
475,2022-10-31 15:55:00,101.98,102.17,102.18,101.95,2516
476,2022-10-31 15:56:00,102.16,102.04,102.18,102.03,1438
477,2022-10-31 15:57:00,102.04,101.81,102.06,101.77,1964
478,2022-10-31 15:58:00,101.81,101.45,101.82,101.39,2191
479,2022-10-31 15:59:00,101.46,101.72,101.75,101.43,2351
480,2022-10-31 16:00:00,101.69,101.66,101.76,101.63,1592
481,2022-10-31 16:01:00,101.66,101.7,101.72,101.63,895
482,2022-10-31 16:02:00,101.69,101.69,101.75,101.66,1005
483,2022-10-31 16:03:00,101.69,101.7,101.78,101.66,1528
484,2022-10-31 16:04:00,101.7,101.96,101.97,101.69,2303
485,2022-10-31 16:05:00,101.95,101.97,102.0,101.92,1133
486,2022-10-31 16:06:00,101.98,102.0,102.06,101.97,1346
487,2022-10-31 16:07:00,102.0,101.96,102.0,101.8,1467
488,2022-10-31 16:08:00,101.97,101.82,102.02,101.82,951
489,2022-10-31 16:09:00,101.83,101.92,101.95,101.82,877
490,2022-10-31 16:10:00,101.92,102.26,102.28,101.91,2099
491,2022-10-31 16:11:00,102.27,102.33,102.42,102.18,2550
492,2022-10-31 16:12:00,102.33,102.4,102.4,102.2,1854
493,2022-10-31 16:13:00,102.39,102.36,102.4,102.25,1330
494,2022-10-31 16:14:00,102.36,102.34,102.42,102.28,1320
495,2022-10-31 16:15:00,102.33,102.57,102.57,102.28,2336
496,2022-10-31 16:16:00,102.57,102.7,102.71,102.47,1866
497,2022-10-31 16:17:00,102.7,102.7,102.77,102.62,1974
498,2022-10-31 16:18:00,102.7,102.77,102.8,102.68,2316
499,2022-10-31 16:19:00,102.76,102.52,102.76,102.5,1937
500,2022-10-31 16:20:00,102.53,102.34,102.53,102.27,1945
501,2022-10-31 16:21:00,102.35,102.37,102.42,102.24,1710
502,2022-10-31 16:22:00,102.35,102.28,102.38,102.25,803
503,2022-10-31 16:23:00,102.28,102.16,102.28,102.16,1190
504,2022-10-31 16:24:00,102.17,102.3,102.3,102.16,1401
505,2022-10-31 16:25:00,102.3,102.11,102.32,102.07,1462
506,2022-10-31 16:26:00,102.12,102.14,102.25,102.1,1327
507,2022-10-31 16:27:00,102.15,102.18,102.21,102.08,1060
508,2022-10-31 16:28:00,102.19,102.11,102.21,102.09,635
509,2022-10-31 16:29:00,102.11,102.07,102.16,102.01,1795
510,2022-10-31 16:30:00,102.07,101.82,102.07,101.8,1617
511,2022-10-31 16:31:00,101.83,101.9,101.96,101.82,1647
512,2022-10-31 16:32:00,101.9,101.9,101.96,101.83,1044
513,2022-10-31 16:33:00,101.9,101.87,101.95,101.84,677
514,2022-10-31 16:34:00,101.86,101.73,101.87,101.7,1654
515,2022-10-31 16:35:00,101.72,101.84,101.86,101.69,1377
516,2022-10-31 16:36:00,101.84,101.83,101.91,101.78,1014
517,2022-10-31 16:37:00,101.82,101.75,101.87,101.7,762
518,2022-10-31 16:38:00,101.75,101.76,101.86,101.74,676
519,2022-10-31 16:39:00,101.75,101.8,101.83,101.73,951
520,2022-10-31 16:40:00,101.8,101.92,101.95,101.78,1423
521,2022-10-31 16:41:00,101.92,101.74,101.93,101.72,1373
522,2022-10-31 16:42:00,101.73,101.64,101.74,101.57,1860
523,2022-10-31 16:43:00,101.63,101.61,101.67,101.52,1035
524,2022-10-31 16:44:00,101.61,101.7,101.7,101.56,764
525,2022-10-31 16:45:00,101.7,101.59,101.71,101.57,663
526,2022-10-31 16:46:00,101.59,101.59,101.6,101.5,1178
527,2022-10-31 16:47:00,101.59,101.57,101.6,101.47,1132
528,2022-10-31 16:48:00,101.57,101.68,101.7,101.55,791
529,2022-10-31 16:49:00,101.69,101.62,101.71,101.6,764
530,2022-10-31 16:50:00,101.62,101.69,101.72,101.61,791
531,2022-10-31 16:51:00,101.69,101.67,101.74,101.62,796
532,2022-10-31 16:52:00,101.68,101.61,101.71,101.6,842
533,2022-10-31 16:53:00,101.61,101.31,101.61,101.28,2027
534,2022-10-31 16:54:00,101.31,101.31,101.36,101.25,2020
535,2022-10-31 16:55:00,101.31,101.38,101.47,101.26,1441
536,2022-10-31 16:56:00,101.4,101.37,101.47,101.34,1263
537,2022-10-31 16:57:00,101.36,101.3,101.42,101.3,723
538,2022-10-31 16:58:00,101.3,101.36,101.37,101.26,858
539,2022-10-31 16:59:00,101.35,101.31,101.36,101.27,647
540,2022-10-31 17:00:00,101.3,101.19,101.37,101.16,1933
541,2022-10-31 17:01:00,101.18,101.35,101.36,101.18,1465
542,2022-10-31 17:02:00,101.36,101.35,101.55,101.29,2361
543,2022-10-31 17:03:00,101.35,101.29,101.36,101.25,1049
544,2022-10-31 17:04:00,101.29,101.26,101.38,101.23,1128
545,2022-10-31 17:05:00,101.27,101.33,101.38,101.21,1263
546,2022-10-31 17:06:00,101.33,101.4,101.45,101.31,753
547,2022-10-31 17:07:00,101.39,101.45,101.51,101.35,1103
548,2022-10-31 17:08:00,101.44,101.62,101.67,101.43,1250
549,2022-10-31 17:09:00,101.62,101.62,101.69,101.61,1070
550,2022-10-31 17:10:00,101.62,101.72,101.73,101.56,1246
551,2022-10-31 17:11:00,101.71,101.63,101.73,101.58,1101
552,2022-10-31 17:12:00,101.62,101.59,101.67,101.57,1058
553,2022-10-31 17:13:00,101.59,101.51,101.63,101.48,1072
554,2022-10-31 17:14:00,101.51,101.64,101.66,101.5,488
555,2022-10-31 17:15:00,101.65,101.73,101.74,101.57,918
556,2022-10-31 17:16:00,101.73,101.87,101.89,101.72,1342
557,2022-10-31 17:17:00,101.87,101.9,101.98,101.84,1345
558,2022-10-31 17:18:00,101.91,102.07,102.08,101.87,1282
559,2022-10-31 17:19:00,102.06,102.12,102.15,101.98,1273
560,2022-10-31 17:20:00,102.13,102.14,102.17,102.07,1271
561,2022-10-31 17:21:00,102.14,102.16,102.17,102.08,988
562,2022-10-31 17:22:00,102.16,102.05,102.18,101.99,1157
563,2022-10-31 17:23:00,102.05,102.04,102.09,101.93,1373
564,2022-10-31 17:24:00,102.05,101.97,102.07,101.95,914
565,2022-10-31 17:25:00,101.98,101.95,102.02,101.91,995
566,2022-10-31 17:26:00,101.95,101.87,101.96,101.8,1013
567,2022-10-31 17:27:00,101.87,101.74,101.9,101.74,1009
568,2022-10-31 17:28:00,101.75,101.8,101.83,101.71,867
569,2022-10-31 17:29:00,101.81,101.96,102.07,101.8,1861
570,2022-10-31 17:30:00,101.97,101.9,102.05,101.88,1080
571,2022-10-31 17:31:00,101.9,101.94,101.94,101.8,1069
572,2022-10-31 17:32:00,101.94,102.13,102.15,101.93,1434
573,2022-10-31 17:33:00,102.14,102.14,102.19,102.06,1067
574,2022-10-31 17:34:00,102.14,102.27,102.3,102.13,1249
575,2022-10-31 17:35:00,102.28,102.14,102.28,102.1,1351
576,2022-10-31 17:36:00,102.14,102.16,102.21,102.03,852
577,2022-10-31 17:37:00,102.17,102.17,102.23,102.1,972
578,2022-10-31 17:38:00,102.16,102.09,102.23,102.04,1326
579,2022-10-31 17:39:00,102.09,102.15,102.19,102.08,410
580,2022-10-31 17:40:00,102.15,102.04,102.2,102.02,886
581,2022-10-31 17:41:00,102.03,102.17,102.19,102.0,949
582,2022-10-31 17:42:00,102.17,102.19,102.24,102.1,746
583,2022-10-31 17:43:00,102.19,102.1,102.21,102.08,578
584,2022-10-31 17:44:00,102.08,102.15,102.15,102.02,704
585,2022-10-31 17:45:00,102.14,102.0,102.15,102.0,577
586,2022-10-31 17:46:00,102.0,101.97,102.03,101.88,1237
587,2022-10-31 17:47:00,101.97,101.95,102.03,101.95,759
588,2022-10-31 17:48:00,101.95,101.91,101.98,101.85,967
589,2022-10-31 17:49:00,101.9,102.06,102.09,101.9,903
590,2022-10-31 17:50:00,102.07,102.05,102.13,102.05,738
591,2022-10-31 17:51:00,102.05,101.86,102.08,101.85,807
592,2022-10-31 17:52:00,101.85,101.79,101.92,101.78,817
593,2022-10-31 17:53:00,101.79,101.84,101.86,101.76,785
594,2022-10-31 17:54:00,101.84,101.92,101.95,101.83,651
595,2022-10-31 17:55:00,101.93,102.06,102.07,101.92,1064
596,2022-10-31 17:56:00,102.05,102.09,102.14,102.02,1056
597,2022-10-31 17:57:00,102.1,102.06,102.1,101.96,664
598,2022-10-31 17:58:00,102.05,102.07,102.11,102.01,636
599,2022-10-31 17:59:00,102.08,102.17,102.18,102.07,751
600,2022-10-31 18:00:00,102.17,102.19,102.28,102.15,1316
601,2022-10-31 18:01:00,102.19,102.26,102.29,102.15,1307
602,2022-10-31 18:02:00,102.27,102.3,102.32,102.12,1345
603,2022-10-31 18:03:00,102.3,102.44,102.44,102.22,1413
604,2022-10-31 18:04:00,102.44,102.37,102.44,102.25,1459
605,2022-10-31 18:05:00,102.36,102.33,102.37,102.28,752
606,2022-10-31 18:06:00,102.32,102.35,102.36,102.19,991
607,2022-10-31 18:07:00,102.36,102.41,102.43,102.35,1071
608,2022-10-31 18:08:00,102.4,102.37,102.47,102.33,930
609,2022-10-31 18:09:00,102.37,102.35,102.44,102.31,1053
610,2022-10-31 18:10:00,102.36,102.3,102.45,102.24,1272
611,2022-10-31 18:11:00,102.31,102.39,102.4,102.25,845
612,2022-10-31 18:12:00,102.39,102.5,102.5,102.37,2293
613,2022-10-31 18:13:00,102.5,102.56,102.6,102.46,1989
614,2022-10-31 18:14:00,102.56,102.52,102.59,102.49,1108
615,2022-10-31 18:15:00,102.51,102.56,102.59,102.47,957
616,2022-10-31 18:16:00,102.57,102.4,102.59,102.39,1207
617,2022-10-31 18:17:00,102.4,102.44,102.49,102.36,859
618,2022-10-31 18:18:00,102.44,102.51,102.55,102.41,843
619,2022-10-31 18:19:00,102.53,102.54,102.57,102.5,833
620,2022-10-31 18:20:00,102.53,102.52,102.57,102.49,908
621,2022-10-31 18:21:00,102.52,102.48,102.53,102.45,648
622,2022-10-31 18:22:00,102.47,102.43,102.48,102.36,717
623,2022-10-31 18:23:00,102.42,102.38,102.44,102.36,974
624,2022-10-31 18:24:00,102.38,102.41,102.47,102.31,866
625,2022-10-31 18:25:00,102.42,102.46,102.47,102.37,748
626,2022-10-31 18:26:00,102.45,102.47,102.48,102.39,604
627,2022-10-31 18:27:00,102.46,102.54,102.55,102.44,1041
628,2022-10-31 18:28:00,102.53,102.49,102.54,102.39,1042
629,2022-10-31 18:29:00,102.49,102.41,102.49,102.39,553
630,2022-10-31 18:30:00,102.42,102.53,102.53,102.36,1245
631,2022-10-31 18:31:00,102.52,102.53,102.54,102.46,804
632,2022-10-31 18:32:00,102.53,102.64,102.65,102.53,1320
633,2022-10-31 18:33:00,102.65,102.58,102.71,102.57,1175
634,2022-10-31 18:34:00,102.59,102.7,102.71,102.58,776
635,2022-10-31 18:35:00,102.7,102.63,102.7,102.51,1025
636,2022-10-31 18:36:00,102.63,102.76,102.78,102.6,1212
637,2022-10-31 18:37:00,102.76,102.85,102.94,102.7,2192
638,2022-10-31 18:38:00,102.86,102.97,103.0,102.84,1997
639,2022-10-31 18:39:00,102.98,102.89,102.98,102.88,1453
640,2022-10-31 18:40:00,102.88,102.95,102.96,102.83,1019
641,2022-10-31 18:41:00,102.95,102.91,102.97,102.85,1198
642,2022-10-31 18:42:00,102.9,102.9,102.95,102.89,887
643,2022-10-31 18:43:00,102.92,102.74,102.92,102.74,1434
644,2022-10-31 18:44:00,102.73,102.79,102.82,102.69,1022
645,2022-10-31 18:45:00,102.78,102.9,102.92,102.75,1083
646,2022-10-31 18:46:00,102.88,102.96,102.99,102.87,1853
647,2022-10-31 18:47:00,102.97,102.94,103.04,102.87,2176
648,2022-10-31 18:48:00,102.93,102.57,102.94,102.54,1974
649,2022-10-31 18:49:00,102.56,102.45,102.6,102.43,1920
650,2022-10-31 18:50:00,102.45,102.44,102.51,102.41,1396
651,2022-10-31 18:51:00,102.44,102.52,102.54,102.43,1511
652,2022-10-31 18:52:00,102.52,102.62,102.64,102.49,1423
653,2022-10-31 18:53:00,102.63,102.59,102.64,102.5,1064
654,2022-10-31 18:54:00,102.6,102.59,102.64,102.57,886
655,2022-10-31 18:55:00,102.59,102.59,102.65,102.56,902
656,2022-10-31 18:56:00,102.58,102.61,102.66,102.57,799
657,2022-10-31 18:57:00,102.61,102.44,102.61,102.41,1381
658,2022-10-31 18:58:00,102.44,102.34,102.56,102.33,1167
659,2022-10-31 18:59:00,102.34,102.42,102.43,102.23,1477
660,2022-10-31 19:00:00,102.43,102.23,102.46,102.21,1461
661,2022-10-31 19:01:00,102.22,102.19,102.34,102.18,1394
662,2022-10-31 19:02:00,102.18,102.17,102.25,102.15,1192
663,2022-10-31 19:03:00,102.16,102.0,102.19,101.96,2067
664,2022-10-31 19:04:00,102.0,102.03,102.13,101.98,1380
665,2022-10-31 19:05:00,102.03,102.04,102.12,101.93,1646
666,2022-10-31 19:06:00,102.04,102.01,102.12,101.99,1282
667,2022-10-31 19:07:00,102.01,101.98,102.07,101.95,1053
668,2022-10-31 19:08:00,101.97,101.89,101.98,101.89,1609
669,2022-10-31 19:09:00,101.9,101.84,101.9,101.82,1497
670,2022-10-31 19:10:00,101.84,101.95,101.96,101.82,1479
671,2022-10-31 19:11:00,101.95,101.88,101.96,101.86,1594
672,2022-10-31 19:12:00,101.88,101.88,101.91,101.84,1154
673,2022-10-31 19:13:00,101.88,101.82,101.9,101.78,1794
674,2022-10-31 19:14:00,101.83,101.83,101.84,101.76,1072
675,2022-10-31 19:15:00,101.83,101.8,101.85,101.73,1628
676,2022-10-31 19:16:00,101.79,101.78,101.88,101.76,1487
677,2022-10-31 19:17:00,101.79,101.77,101.85,101.73,819
678,2022-10-31 19:18:00,101.76,101.83,101.84,101.75,1429
679,2022-10-31 19:19:00,101.84,101.9,101.95,101.84,1580
680,2022-10-31 19:20:00,101.91,101.87,101.94,101.83,1224
681,2022-10-31 19:21:00,101.86,101.96,102.0,101.82,1647
682,2022-10-31 19:22:00,101.97,102.11,102.12,101.95,1510
683,2022-10-31 19:23:00,102.11,102.03,102.17,101.98,1861
684,2022-10-31 19:24:00,102.03,102.03,102.06,101.96,799
685,2022-10-31 19:25:00,102.02,102.11,102.13,102.01,1291
686,2022-10-31 19:26:00,102.12,102.14,102.19,102.05,1929
687,2022-10-31 19:27:00,102.15,102.09,102.2,102.09,956
688,2022-10-31 19:28:00,102.1,102.1,102.15,102.04,1044
689,2022-10-31 19:29:00,102.09,102.13,102.16,102.07,729
690,2022-10-31 19:30:00,102.15,102.14,102.15,102.08,757
691,2022-10-31 19:31:00,102.14,102.15,102.19,102.05,1240
692,2022-10-31 19:32:00,102.16,102.18,102.24,102.14,1528
693,2022-10-31 19:33:00,102.17,102.2,102.23,102.16,1383
694,2022-10-31 19:34:00,102.2,102.19,102.2,102.08,1681
695,2022-10-31 19:35:00,102.19,102.1,102.19,102.08,1289
696,2022-10-31 19:36:00,102.11,102.16,102.22,102.09,1540
697,2022-10-31 19:37:00,102.17,102.25,102.26,102.15,1475
698,2022-10-31 19:38:00,102.25,102.37,102.42,102.25,1457
699,2022-10-31 19:39:00,102.36,102.37,102.42,102.32,1564
700,2022-10-31 19:40:00,102.38,102.38,102.42,102.32,1364
701,2022-10-31 19:41:00,102.38,102.41,102.42,102.34,1621
702,2022-10-31 19:42:00,102.39,102.44,102.46,102.35,1857
703,2022-10-31 19:43:00,102.45,102.45,102.46,102.36,1805
704,2022-10-31 19:44:00,102.44,102.38,102.48,102.35,2537
705,2022-10-31 19:45:00,102.39,102.32,102.42,102.25,2423
706,2022-10-31 19:46:00,102.31,102.37,102.39,102.27,1735
707,2022-10-31 19:47:00,102.37,102.33,102.45,102.3,2188
708,2022-10-31 19:48:00,102.34,102.3,102.36,102.25,1891
709,2022-10-31 19:49:00,102.3,102.31,102.36,102.26,1622
710,2022-10-31 19:50:00,102.31,102.21,102.32,102.1,2903
711,2022-10-31 19:51:00,102.2,102.2,102.25,102.14,1882
712,2022-10-31 19:52:00,102.21,102.46,102.46,102.19,2540
713,2022-10-31 19:53:00,102.45,102.43,102.5,102.42,3036
714,2022-10-31 19:54:00,102.43,102.41,102.47,102.25,3666
715,2022-10-31 19:55:00,102.42,102.54,102.59,102.39,5374
716,2022-10-31 19:56:00,102.54,102.28,102.55,102.26,3903
717,2022-10-31 19:57:00,102.29,102.38,102.39,102.26,4042
718,2022-10-31 19:58:00,102.37,102.27,102.38,102.21,5061
719,2022-10-31 19:59:00,102.27,102.43,102.47,102.2,11493
720,2022-10-31 20:00:00,102.43,102.51,102.55,102.27,66602
721,2022-10-31 20:01:00,102.51,102.42,102.53,102.42,59
722,2022-10-31 20:02:00,102.4,102.53,102.53,102.39,75
723,2022-10-31 20:03:00,102.5,102.43,102.52,102.4,74
724,2022-10-31 20:04:00,102.5,102.49,102.58,102.43,152
725,2022-10-31 20:05:00,102.51,102.51,102.56,102.5,71
726,2022-10-31 20:06:00,102.51,102.58,102.64,102.5,158
727,2022-10-31 20:07:00,102.53,102.46,102.59,102.45,55
728,2022-10-31 20:08:00,102.45,102.46,102.46,102.44,344
729,2022-10-31 20:09:00,102.46,102.45,102.47,102.45,16
730,2022-10-31 20:10:00,102.45,102.37,102.47,102.37,293
731,2022-10-31 20:11:00,102.37,102.32,102.39,102.27,105
732,2022-10-31 20:12:00,102.32,102.34,102.35,102.28,73
733,2022-10-31 20:13:00,102.33,102.37,102.37,102.32,17
734,2022-10-31 20:14:00,102.37,102.5,102.52,102.37,86
735,2022-10-31 20:15:00,102.48,102.51,102.51,102.41,88
736,2022-10-31 20:16:00,102.5,102.47,102.5,102.41,38
737,2022-10-31 20:17:00,102.45,102.45,102.45,102.4,27
738,2022-10-31 20:18:00,102.45,102.41,102.45,102.41,24
739,2022-10-31 20:19:00,102.4,102.41,102.48,102.4,66
740,2022-10-31 20:20:00,102.46,102.48,102.48,102.45,54
741,2022-10-31 20:21:00,102.48,102.43,102.48,102.43,41
742,2022-10-31 20:22:00,102.46,102.43,102.46,102.43,13
743,2022-10-31 20:23:00,102.42,102.45,102.48,102.42,77
744,2022-10-31 20:24:00,102.45,102.45,102.48,102.45,27
745,2022-10-31 20:25:00,102.48,102.48,102.48,102.47,12
746,2022-10-31 20:26:00,102.48,102.49,102.49,102.45,35
747,2022-10-31 20:27:00,102.45,102.43,102.45,102.42,37
748,2022-10-31 20:28:00,102.43,102.43,102.43,102.43,0
749,2022-10-31 20:29:00,102.4,102.4,102.4,102.35,26
750,2022-10-31 20:30:00,102.38,102.44,102.44,102.36,37
751,2022-10-31 20:31:00,102.44,102.45,102.45,102.44,18
752,2022-10-31 20:32:00,102.49,102.49,102.49,102.48,4
753,2022-10-31 20:33:00,102.47,102.46,102.47,102.46,5
754,2022-10-31 20:34:00,102.5,102.48,102.5,102.48,13
755,2022-10-31 20:35:00,102.48,102.48,102.48,102.48,2
756,2022-10-31 20:36:00,102.48,102.47,102.49,102.47,29
757,2022-10-31 20:37:00,102.47,102.47,102.47,102.47,3
758,2022-10-31 20:38:00,102.47,102.53,102.53,102.47,44
759,2022-10-31 20:39:00,102.53,102.51,102.53,102.51,30
760,2022-10-31 20:40:00,102.55,102.53,102.55,102.53,18
761,2022-10-31 20:41:00,102.54,102.55,102.55,102.54,5
762,2022-10-31 20:42:00,102.53,102.53,102.55,102.53,25
763,2022-10-31 20:43:00,102.51,102.51,102.53,102.46,19
764,2022-10-31 20:44:00,102.51,102.47,102.51,102.47,6
765,2022-10-31 20:45:00,102.51,102.51,102.54,102.41,193
766,2022-10-31 20:46:00,102.51,102.51,102.51,102.51,6
767,2022-10-31 20:47:00,102.54,102.59,102.59,102.52,60
768,2022-10-31 20:48:00,102.54,102.54,102.57,102.51,44
769,2022-10-31 20:49:00,102.54,102.55,102.55,102.52,25
770,2022-10-31 20:50:00,102.55,102.54,102.55,102.53,13
771,2022-10-31 20:51:00,102.53,102.53,102.53,102.53,4
772,2022-10-31 20:52:00,102.53,102.53,102.53,102.53,8
773,2022-10-31 20:53:00,102.53,102.51,102.53,102.51,2
774,2022-10-31 20:54:00,102.52,102.5,102.52,102.5,29
775,2022-10-31 20:55:00,102.45,102.44,102.45,102.43,15
776,2022-10-31 20:56:00,102.44,102.42,102.44,102.42,6
777,2022-10-31 20:57:00,102.44,102.44,102.45,102.44,30
778,2022-10-31 20:58:00,102.45,102.37,102.45,102.37,63
779,2022-10-31 20:59:00,102.38,102.45,102.5,102.38,18
780,2022-10-31 21:00:00,102.45,102.44,102.45,102.44,7
781,2022-10-31 21:01:00,102.44,102.41,102.44,102.41,2
782,2022-10-31 21:02:00,102.44,102.46,102.46,102.44,15
783,2022-10-31 21:03:00,102.45,102.45,102.45,102.45,2
784,2022-10-31 21:04:00,102.49,102.49,102.49,102.49,12
785,2022-10-31 21:05:00,102.45,102.45,102.45,102.45,1
786,2022-10-31 21:06:00,102.45,102.42,102.45,102.42,8
787,2022-10-31 21:07:00,102.42,102.42,102.42,102.42,7
788,2022-10-31 21:08:00,102.42,102.42,102.42,102.42,2
789,2022-10-31 21:09:00,102.42,102.43,102.43,102.42,3
790,2022-10-31 21:10:00,102.43,102.43,102.43,102.43,2
791,2022-10-31 21:11:00,102.43,102.43,102.43,102.43,0
792,2022-10-31 21:12:00,102.42,102.43,102.43,102.42,5
793,2022-10-31 21:13:00,102.43,102.43,102.43,102.43,10
794,2022-10-31 21:14:00,102.44,102.44,102.44,102.44,5
795,2022-10-31 21:15:00,102.44,102.44,102.44,102.44,12
796,2022-10-31 21:16:00,102.44,102.44,102.44,102.44,0
797,2022-10-31 21:17:00,102.44,102.43,102.44,102.43,4
798,2022-10-31 21:18:00,102.42,102.42,102.42,102.42,1
799,2022-10-31 21:19:00,102.42,102.42,102.43,102.42,20
800,2022-10-31 21:20:00,102.42,102.42,102.42,102.42,1
801,2022-10-31 21:21:00,102.42,102.42,102.42,102.42,0
802,2022-10-31 21:22:00,102.42,102.42,102.42,102.42,1
803,2022-10-31 21:23:00,102.41,102.41,102.42,102.41,1
804,2022-10-31 21:24:00,102.42,102.43,102.43,102.41,13
805,2022-10-31 21:25:00,102.43,102.43,102.43,102.43,0
806,2022-10-31 21:26:00,102.43,102.43,102.43,102.43,0
807,2022-10-31 21:27:00,102.42,102.42,102.42,102.42,3
808,2022-10-31 21:28:00,102.42,102.4,102.42,102.4,11
809,2022-10-31 21:29:00,102.4,102.35,102.4,102.35,7
810,2022-10-31 21:30:00,102.41,102.39,102.41,102.39,5
811,2022-10-31 21:31:00,102.36,102.36,102.37,102.36,12
812,2022-10-31 21:32:00,102.37,102.35,102.37,102.35,22
813,2022-10-31 21:33:00,102.35,102.38,102.38,102.35,24
814,2022-10-31 21:34:00,102.38,102.38,102.38,102.38,0
815,2022-10-31 21:35:00,102.36,102.36,102.36,102.36,3
816,2022-10-31 21:36:00,102.36,102.36,102.36,102.36,0
817,2022-10-31 21:37:00,102.36,102.36,102.36,102.36,0
818,2022-10-31 21:38:00,102.36,102.36,102.36,102.36,0
819,2022-10-31 21:39:00,102.36,102.36,102.36,102.36,0
820,2022-10-31 21:40:00,102.44,102.44,102.44,102.44,360
821,2022-10-31 21:41:00,102.4,102.4,102.4,102.39,19
822,2022-10-31 21:42:00,102.4,102.4,102.4,102.4,1
823,2022-10-31 21:43:00,102.39,102.39,102.4,102.39,1
824,2022-10-31 21:44:00,102.4,102.39,102.43,102.39,13
825,2022-10-31 21:45:00,102.4,102.37,102.4,102.37,5
826,2022-10-31 21:46:00,102.37,102.37,102.37,102.37,0
827,2022-10-31 21:47:00,102.37,102.37,102.37,102.37,0
828,2022-10-31 21:48:00,102.36,102.36,102.36,102.36,12
829,2022-10-31 21:49:00,102.37,102.37,102.37,102.37,1
830,2022-10-31 21:50:00,102.35,102.35,102.35,102.33,10
831,2022-10-31 21:51:00,102.33,102.35,102.35,102.31,11
832,2022-10-31 21:52:00,102.31,102.44,102.44,102.31,654
833,2022-10-31 21:53:00,102.34,102.31,102.34,102.31,2
834,2022-10-31 21:54:00,102.31,102.31,102.31,102.31,0
835,2022-10-31 21:55:00,102.34,102.36,102.36,102.34,20
836,2022-10-31 21:56:00,102.36,102.36,102.36,102.36,1
837,2022-10-31 21:57:00,102.34,102.35,102.35,102.31,6
838,2022-10-31 21:58:00,102.35,102.35,102.35,102.35,0
839,2022-10-31 21:59:00,102.35,102.35,102.35,102.35,0
840,2022-10-31 22:00:00,102.31,102.36,102.36,102.31,5
841,2022-10-31 22:01:00,102.36,102.36,102.36,102.36,2
842,2022-10-31 22:02:00,102.37,102.37,102.37,102.37,3
843,2022-10-31 22:03:00,102.36,102.36,102.36,102.36,24
844,2022-10-31 22:04:00,102.34,102.36,102.36,102.34,4
845,2022-10-31 22:05:00,102.34,102.34,102.34,102.34,1
846,2022-10-31 22:06:00,102.3,102.29,102.3,102.29,9
847,2022-10-31 22:07:00,102.28,102.25,102.28,102.25,43
848,2022-10-31 22:08:00,102.25,102.26,102.26,102.25,16
849,2022-10-31 22:09:00,102.25,102.25,102.25,102.25,19
850,2022-10-31 22:10:00,102.26,102.25,102.27,102.25,8
851,2022-10-31 22:11:00,102.25,102.41,102.41,102.25,79
852,2022-10-31 22:12:00,102.41,102.4,102.41,102.4,16
853,2022-10-31 22:13:00,102.36,102.28,102.36,102.27,12
854,2022-10-31 22:14:00,102.3,102.3,102.3,102.3,5
855,2022-10-31 22:15:00,102.3,102.28,102.3,102.27,41
856,2022-10-31 22:16:00,102.3,102.3,102.3,102.3,2
857,2022-10-31 22:17:00,102.34,102.35,102.35,102.34,10
858,2022-10-31 22:18:00,102.35,102.35,102.35,102.35,0
859,2022-10-31 22:19:00,102.33,102.33,102.34,102.33,36
860,2022-10-31 22:20:00,102.33,102.33,102.33,102.33,67
861,2022-10-31 22:21:00,102.35,102.36,102.36,102.3,30
862,2022-10-31 22:22:00,102.36,102.32,102.36,102.32,6
863,2022-10-31 22:23:00,102.33,102.33,102.33,102.33,7
864,2022-10-31 22:24:00,102.33,102.33,102.33,102.29,12
865,2022-10-31 22:25:00,102.33,102.33,102.33,102.31,33
866,2022-10-31 22:26:00,102.33,102.23,102.33,102.23,11
867,2022-10-31 22:27:00,102.23,102.23,102.23,102.23,0
868,2022-10-31 22:28:00,102.28,102.35,102.35,102.27,4
869,2022-10-31 22:29:00,102.35,102.35,102.35,102.35,0
870,2022-10-31 22:30:00,102.35,102.36,102.36,102.3,22
871,2022-10-31 22:31:00,102.36,102.36,102.36,102.36,1
872,2022-10-31 22:32:00,102.36,102.36,102.37,102.36,18
873,2022-10-31 22:33:00,102.35,102.36,102.36,102.35,5
874,2022-10-31 22:34:00,102.36,102.32,102.36,102.32,7
875,2022-10-31 22:35:00,102.33,102.32,102.33,102.32,2
876,2022-10-31 22:36:00,102.36,102.36,102.36,102.36,5
877,2022-10-31 22:37:00,102.36,102.36,102.36,102.36,3
878,2022-10-31 22:38:00,102.36,102.36,102.36,102.36,2
879,2022-10-31 22:39:00,102.36,102.36,102.36,102.36,0
880,2022-10-31 22:40:00,102.36,102.36,102.36,102.36,0
881,2022-10-31 22:41:00,102.3,102.3,102.3,102.3,20
882,2022-10-31 22:42:00,102.31,102.33,102.33,102.3,14
883,2022-10-31 22:43:00,102.31,102.31,102.31,102.31,4
884,2022-10-31 22:44:00,102.31,102.3,102.31,102.3,6
885,2022-10-31 22:45:00,102.28,102.33,102.33,102.28,6
886,2022-10-31 22:46:00,102.3,102.3,102.3,102.3,3
887,2022-10-31 22:47:00,102.35,102.33,102.35,102.33,3
888,2022-10-31 22:48:00,102.35,102.35,102.35,102.35,4
889,2022-10-31 22:49:00,102.33,102.33,102.33,102.33,1
890,2022-10-31 22:50:00,102.36,102.36,102.36,102.36,9
891,2022-10-31 22:51:00,102.36,102.36,102.36,102.36,0
892,2022-10-31 22:52:00,102.36,102.36,102.36,102.36,1
893,2022-10-31 22:53:00,102.36,102.36,102.36,102.36,0
894,2022-10-31 22:54:00,102.31,102.31,102.31,102.31,1
895,2022-10-31 22:55:00,102.35,102.35,102.35,102.35,1
896,2022-10-31 22:56:00,102.35,102.35,102.35,102.35,4
897,2022-10-31 22:57:00,102.35,102.35,102.35,102.35,0
898,2022-10-31 22:58:00,102.33,102.31,102.33,102.31,4
899,2022-10-31 22:59:00,102.3,102.26,102.3,102.26,5
900,2022-10-31 23:00:00,102.27,102.25,102.27,102.25,11
901,2022-10-31 23:01:00,102.27,102.36,102.36,102.26,26
902,2022-10-31 23:02:00,102.36,102.36,102.36,102.36,0
903,2022-10-31 23:03:00,102.36,102.36,102.36,102.36,0
904,2022-10-31 23:04:00,102.43,102.44,102.44,102.43,2
905,2022-10-31 23:05:00,102.51,102.52,102.52,102.51,10
906,2022-10-31 23:06:00,102.52,102.5,102.52,102.5,5
907,2022-10-31 23:07:00,102.5,102.55,102.55,102.5,34
908,2022-10-31 23:08:00,102.48,102.55,102.55,102.48,6
909,2022-10-31 23:09:00,102.55,102.55,102.55,102.55,0
910,2022-10-31 23:10:00,102.49,102.5,102.5,102.49,5
911,2022-10-31 23:11:00,102.46,102.45,102.46,102.45,10
912,2022-10-31 23:12:00,102.45,102.45,102.45,102.45,2
913,2022-10-31 23:13:00,102.45,102.45,102.45,102.45,0
914,2022-10-31 23:14:00,102.45,102.45,102.45,102.45,0
915,2022-10-31 23:15:00,102.45,102.5,102.5,102.45,8
916,2022-10-31 23:16:00,102.5,102.5,102.5,102.5,0
917,2022-10-31 23:17:00,102.5,102.5,102.5,102.5,3
918,2022-10-31 23:18:00,102.4,102.4,102.4,102.4,1
919,2022-10-31 23:19:00,102.4,102.4,102.4,102.4,3
920,2022-10-31 23:20:00,102.4,102.4,102.4,102.4,0
921,2022-10-31 23:21:00,102.43,102.42,102.43,102.42,2
922,2022-10-31 23:22:00,102.42,102.42,102.42,102.42,0
923,2022-10-31 23:23:00,102.42,102.42,102.42,102.42,5
924,2022-10-31 23:24:00,102.42,102.42,102.42,102.42,0
925,2022-10-31 23:25:00,102.43,102.45,102.45,102.43,15
926,2022-10-31 23:26:00,102.45,102.45,102.45,102.45,0
927,2022-10-31 23:27:00,102.45,102.44,102.45,102.44,3
928,2022-10-31 23:28:00,102.44,102.44,102.45,102.44,8
929,2022-10-31 23:29:00,102.46,102.46,102.46,102.46,9
930,2022-10-31 23:30:00,102.49,102.46,102.49,102.46,5
931,2022-10-31 23:31:00,102.45,102.45,102.45,102.45,1
932,2022-10-31 23:32:00,102.42,102.43,102.43,102.42,7
933,2022-10-31 23:33:00,102.42,102.42,102.42,102.42,1
934,2022-10-31 23:34:00,102.43,102.42,102.43,102.42,8
935,2022-10-31 23:35:00,102.42,102.5,102.5,102.42,12
936,2022-10-31 23:36:00,102.48,102.39,102.48,102.39,5
937,2022-10-31 23:37:00,102.36,102.34,102.36,102.34,10
938,2022-10-31 23:38:00,102.35,102.35,102.35,102.35,1
939,2022-10-31 23:39:00,102.43,102.32,102.43,102.32,3
940,2022-10-31 23:40:00,102.32,102.32,102.32,102.32,0
941,2022-10-31 23:41:00,102.32,102.32,102.32,102.32,0
942,2022-10-31 23:42:00,102.32,102.31,102.32,102.31,8
943,2022-10-31 23:43:00,102.3,102.3,102.3,102.3,1
944,2022-10-31 23:44:00,102.3,102.3,102.3,102.3,0
945,2022-10-31 23:45:00,102.38,102.38,102.38,102.38,13
946,2022-10-31 23:46:00,102.32,102.38,102.38,102.32,18
947,2022-10-31 23:47:00,102.36,102.36,102.36,102.36,3
948,2022-10-31 23:48:00,102.32,102.32,102.36,102.32,18
949,2022-10-31 23:49:00,102.32,102.28,102.32,102.28,4
950,2022-10-31 23:50:00,102.28,102.3,102.3,102.28,6
951,2022-10-31 23:51:00,102.32,102.3,102.32,102.28,11
952,2022-10-31 23:52:00,102.32,102.32,102.32,102.32,12
953,2022-10-31 23:53:00,102.33,102.38,102.38,102.26,21
954,2022-10-31 23:54:00,102.38,102.38,102.38,102.38,0
955,2022-10-31 23:55:00,102.37,102.4,102.4,102.37,22
956,2022-10-31 23:56:00,102.4,102.38,102.4,102.36,10
957,2022-10-31 23:57:00,102.36,102.36,102.37,102.36,15
958,2022-10-31 23:58:00,102.36,102.36,102.4,102.36,13
959,2022-10-31 23:59:00,102.4,102.38,102.42,102.38,33
